<?xml version='1.0' encoding='UTF-8'?>
<faces-config version="2.2"
              xmlns="http://xmlns.jcp.org/xml/ns/javaee"
              xmlns:xsi="http://www.w3.org/2001/XMLSchema-instance"
              xsi:schemaLocation="http://xmlns.jcp.org/xml/ns/javaee http://xmlns.jcp.org/xml/ns/javaee/web-facesconfig_2_2.xsd">

    <application>
        <resource-bundle>
            <base-name>com.example.myproject.web.Texts</base-name>
            <var>text</var>
        </resource-bundle>
        <resource-bundle>
            <base-name>com.example.myproject.web.Labels</base-name>
            <var>label</var>
        </resource-bundle>
        <locale-config>
            <default-locale>en</default-locale>
            <supported-locale>de</supported-locale>
        </locale-config>
        <message-bundle>com.example.myproject.web.Messages</message-bundle>
    </application>
    
</faces-config>
